controller,time_s,target_x_px,target_y_px,end_effector_x_px,end_effector_y_px,target_error_px,q_error_norm_rad,sliding_norm,tracking_lyapunov,augmented_lyapunov,clearance_px,reference_clearance_px,collision,saturated,q1,q2,q3,dq1,dq2,dq3,q_d1,q_d2,q_d3,dq_d1,dq_d2,dq_d3,dq_r1,dq_r2,dq_r3,ddq_r1,ddq_r2,ddq_r3,tau1,tau2,tau3,tau_raw1,tau_raw2,tau_raw3,inertia_hat1,inertia_hat2,inertia_hat3,damping_hat1,damping_hat2,damping_hat3,bias_hat1,bias_hat2,bias_hat3,disturbance1,disturbance2,disturbance3
adaptive,0.0,520.0,650.0,209.36655755402424,625.6130144704917,311.5892498611815,0.0,0.0,0.0,384.24242424242425,1000000.0,1000000.0,0,0,-3.141592653589793,-0.5,0.7000000000000002,0.0,0.0,0.0,-3.141592653589793,-0.5,0.7000000000000002,0.0,0.0,0.0,0.0,0.0,0.0,0.0,0.0,0.0,0.0,0.0,0.0,0.0,0.0,0.0,5.0,3.0,2.0,2.0,2.0,2.0,0.0,0.0,0.0,25.0,-20.0,10.0
adaptive,0.1,519.4004998333631,660.981675831151,214.4571793269199,605.1039751255497,310.02055763713497,0.3606074013704765,4.482543997899669,7.184945594192369,480.8194670915947,1000000.0,1000000.0,0,0,-2.9810579169213485,-0.6970068760244277,0.9558409409087156,2.095531068513425,-1.4373041290129271,2.7897598233681236,-3.141592653589793,-0.5,0.7000000000000002,0.0,0.0,0.0,-0.3210694733368893,0.39401375204885536,-0.5116818818174309,-4.178551217084195,2.7179414188373148,-5.398529158633184,-31.201297199496008,12.60448752273322,-15.121863786086784,-31.201297199496008,12.60448752273322,-15.121863786086784,5.0,3.0,2.0,2.0,2.0,2.0,0.0,0.0,0.0,29.314829847437828,-13.733384722980134,11.182080826645358
adaptive,0.2,517.607989340949,671.8536263874568,213.2464347826139,582.4258851126685,317.22748431161637,0.35390576066614376,1.401825248127115,0.7237518426315127,380.53740678394166,1000000.0,1000000.0,0,0,-2.878299048198704,-0.6389629277237105,0.894459581669035,0.84043498409127,0.49232041041154617,-0.5818792050198003,-3.1414675443903666,-0.5015666683918854,0.7018099048810309,0.0012510919942655338,-0.01566668391885394,0.01809904881030637,-0.5250859003890599,0.25912583474479645,-0.3672003047657019,-1.653352333610364,-1.4565255711894725,1.6999366628468158,-19.481473051501247,-5.059373362279695,5.4002819900089785,-19.481473051501247,-5.059373362279695,5.4002819900089785,7.019577827070991,3.6968380607993288,3.604063637987469,1.2403907726549432,1.7367839248014696,1.4473862343008834,0.7249801625550942,-0.40288993383359223,0.5282306728296888,32.57323886327107,-12.209218952974439,12.258569893580141
adaptive,0.30000000000000004,514.6403786950727,682.5072227327473,229.87753314073163,557.9832451527378,310.79912998680066,0.8193487800596364,6.872796678111612,14.18755924392079,532.6290265474458,1000000.0,1000000.0,0,0,-2.7283081300602414,-0.8065507681098247,1.3501284121659811,1.6427781587007304,-1.926480397914295,4.708419663430682,-3.1410922806851036,-0.5075388506090572,0.7086196113139276,0.0037526370526300423,-0.05972182217172116,0.06809706432896663,-0.8218156641970943,0.5383020128298138,-1.2149205373751404,-3.256026747095585,3.049212349261202,-8.525329835264191,-38.493459197467715,18.304392834512605,-42.49013331625848,-38.493459197467715,18.304392834512605,-42.49013331625848,7.471115255260839,3.7443896015523106,3.636908285982811,1.0682460442312647,1.7253032798816694,1.4398912030320206,1.1346364278991932,-0.35158712718690727,0.4938820487890331,33.97745487943649,-16.58096095812936,13.133307638509933
adaptive,0.4,510.5273192803462,692.8360176539516,216.3866500559,560.0472737449103,322.72524506264773,0.5527058355218661,7.4197262127431465,25.720291048241435,508.32459880679846,1000000.0,1000000.0,0,1,-2.6462328255623495,-0.7603083228484184,0.6629087531348143,0.6098153688888498,0.09057400019707448,-6.978352155867901,-3.1404967740178344,-0.5203540808484686,0.7229824713762167,0.0059550666726916335,-0.12815230239411574,0.14362860062289057,-0.9825728302382782,0.351756181605784,0.26377603710569536,-1.1990428318017017,-1.3332349946123736,15.190503594368565,-22.029861233758822,-4.343140320554387,60.0,-22.029861233758822,-4.343140320554387,144.5699274554305,9.076071936877215,4.796579896663893,8.18176689043428,0.4609289088824723,1.2504677799394228,0.0,1.8740145747685406,-0.8938392575506113,1.4416164809179648,33.18367684143114,-23.54016354635882,13.728156343868905
adaptive,0.5,505.30990742684475,702.7368092464624,259.9733494220515,583.6518637829205,272.7109292450415,1.6217353986301755,18.22187385535253,116.17734509107018,1328.8982657167353,1000000.0,1000000.0,0,1,-2.799923492713438,-1.194835552966751,2.19196525419368,-1.3262149880689469,-3.3862286371722337,15.0,-3.1398144896242592,-0.5421271349821799,0.7468107522523755,0.006822843935753109,-0.21773054133711506,0.23828280876158875,-0.6729591498858889,1.087686294632027,-2.6520261951210213,2.655346074200602,5.25607856196201,-28.455920179413194,26.263793433226,39.55954346266462,-60.0,26.263793433226,39.55954346266462,-567.8019121729142,9.457940267999016,4.747829485272632,18.082808581596183,0.31526948932272814,1.2528334114344613,0.0,2.3517310345066793,-0.9512993374605274,0.28287597004218923,30.38624929693561,-27.820240941320776,13.989979946416218
adaptive,0.6000000000000001,499.0402737891614,712.1106720734539,230.22528332026468,574.9070046178348,301.80514486016494,0.8565550311854601,12.284721590374138,79.97146840349065,1188.9115695574903,1000000.0,1000000.0,0,1,-2.5878978638676844,-1.1628288109683638,1.0708386788389257,3.394591562034066,1.7272204681461463,-11.634532447055909,-3.1392395011287717,-0.5747093654129736,0.7813141751591708,0.0057498849548732744,-0.32582230430793774,0.3450342290679516,-1.0969333895673015,0.8504165868028426,-0.2340147782915582,-6.812760584177912,-5.343879768023866,25.061720339023335,-60.0,-44.53625722526132,60.0,-95.27402567839637,-44.53625722526132,782.9459630157315,9.804864333072617,8.039964255826366,30.0,0.185315836776441,0.0,0.0,2.155754283051762,-1.935560622457465,3.107200161261553,26.2700800725388,-26.182115900447897,13.89539052351278
adaptive,0.7000000000000001,491.7810624741386,720.863945596146,289.5933382493797,606.7293902598391,232.17788987972918,2.1285505057539,19.94401030796514,130.6264610917559,1882.157000211968,1000000.0,1000000.0,0,1,-2.8407781973630035,-1.7650411562558082,2.595997432801779,-3.99402748794249,-5.853629853452467,15.0,-3.1390152849334796,-0.6196695380749242,0.8268434679337222,0.002242161952920596,-0.4496017266195076,0.455292927745513,-0.5942320131880315,1.8411415097422603,-3.0830150019906006,7.923744366705872,9.456240622538184,-28.062877967166774,60.0,60.0,-60.0,143.079614591749,114.75264168502162,-897.4185013552342,15.924801163696898,8.695939088911304,30.0,0.0,0.0,0.0,3.5032117685321724,-1.7426637685619384,1.2831173342592568,21.842950950793416,-19.865488796125195,13.452837466595495
adaptive,0.8,483.60480512165987,728.9091699989475,246.00850458505798,583.1503395429103,278.74296167722525,1.1154691018850043,13.672745188179334,110.21530585259549,1393.57877942034,1000000.0,1000000.0,0,1,-2.5674000662186396,-1.4498147736218487,1.4496717858641013,4.441316543155814,5.355240153003516,-12.253609021015585,-3.139479018069037,-0.6781478670481524,0.8826381224816959,-0.0046373313555743145,-0.5847832897322809,0.5579465454797332,-1.1487952350563693,0.9585505234151117,-0.5761207812850775,-9.01561442902999,-13.27364273180691,26.434754907715558,-60.0,-60.0,60.0,-228.1703371451042,-264.7953757118952,823.8987122160804,21.31262321190445,18.882844425321274,30.0,0.0,0.0,0.0,2.4832731261058347,-3.4355134684647783,4.176399734577753,18.188777542228646,-13.650657089206774,12.701852722204602
adaptive,0.9,474.5931961924797,736.1659600590232,309.7026741461535,594.8382508925802,217.1690715524305,2.3865430387313213,20.199508074843926,126.93770667322629,2007.5196059905375,1000000.0,1000000.0,0,1,-2.734421395227678,-1.9580723340621227,2.964482421658129,-3.406506773847855,-6.242837343638938,15.0,-3.141179818004667,-0.7505621544847338,0.9465492147769181,-0.01700799935629549,-0.7241428743658127,0.6391109229522252,-0.8305248449102733,1.690877484788965,-3.3967554908101967,6.5600263825169725,9.715962573323276,-28.27914246208467,60.0,60.0,-60.0,208.09637638956517,297.05153019784416,-905.8725419511916,30.0,27.053256653732845,30.0,0.0,0.0,0.0,4.16030665956949,-2.4682417499553293,2.3080016162208716,16.202228941014127,-12.240881513239309,11.70951952093532
adaptive,1.0,464.8362767041768,742.5618083288687,262.698264560564,562.7868682582271,270.51581290337566,1.295756320386296,14.050491700303132,119.92929119873487,1579.0423604879486,1000000.0,1000000.0,0,1,-2.43099729868338,-1.5809447615578374,1.7987396759954244,4.438696590223711,5.194574959986047,-12.789478527087184,3.138114977574628,-0.8361907055735447,1.0148866639922494,-0.038905116002910134,-0.8562855108881101,0.6833744921533128,-1.4670511778460664,0.6332226010804752,-0.8843315318530373,-9.33248608638155,-13.190944607484822,26.879690821488083,-60.0,-60.0,60.0,-318.79658128075334,-409.76008864795745,836.8546831355944,30.0,30.0,30.0,0.0,0.0,0.0,3.3875120808882153,-4.213659012209468,5.251482494750503,16.369681528031755,-16.703052118065948,10.56448003223947
adaptive,1.1,454.4315345710693,748.0328096067578,331.0988224825484,579.7212021243695,208.66181990104357,2.596751734600274,20.909057218243902,132.40166344217562,2126.6986416862164,1000000.0,1000000.0,0,1,-2.540337023652456,-2.1447292472181974,-2.9872296308226085,-2.952627231189629,-7.646078641122504,15.0,3.130451639235054,-0.9327114933197209,1.0825639610376516,-0.07663338339574088,-0.9652078774617607,0.6767729704540217,-1.301426671979893,1.4588276303351921,-3.7500104601846305,5.1353620103197155,12.703419824758733,-29.308069066430043,60.0,60.0,-60.0,158.80882725354076,420.73238132184304,-938.8387623489682,30.0,30.0,30.0,0.0,0.0,0.0,5.1592364113091485,-3.210161493250242,3.34665897551304,18.650137069866474,-23.66028715020257,9.369017223427006
adaptive,1.2000000000000002,443.4829305372008,752.5242994563949,291.42498761458506,541.8574797546585,259.8117143800514,1.613025419543129,14.378345149884803,123.88170625562923,1663.0833512319516,1000000.0,1000000.0,0,1,-2.1574573689677594,-1.86828268042899,2.0873171598871565,4.958653864360025,4.04794638498673,-13.295738191275088,3.116622044042799,-1.0358154980915248,1.1436251080096724,-0.13829595192254684,-1.0310400477180361,0.6106114697202132,-2.156507740260602,0.6338943169568947,-1.276772634034755,-11.133994428107872,-10.16628913919329,26.549849919958227,-60.0,-60.0,60.0,-381.3746787145061,-313.43164157494715,826.2057336213253,30.0,30.0,30.0,0.0,0.0,0.0,4.663876243546228,-5.213240872970935,6.346660649142581,22.485260516209674,-27.84748984053193,8.229918226820589
adaptive,1.3,432.0998594349505,755.9914003958912,362.2334476363503,562.9043692064743,205.33854268294215,2.9163925109059585,21.78622558149946,139.11424225915724,2230.4523274953413,1000000.0,1000000.0,0,1,-2.275284788451171,-2.5539902917454165,-2.710617400928219,-2.6050367855654715,-8.33861574207221,15.0,3.093391500895118,-1.1390026656011658,1.1920577609613705,-0.2323054314768196,-1.0318716750964119,0.4843265295169756,-2.0613234671434144,1.7981035771920895,-4.276693761063017,3.415987911161686,15.473282167377445,-30.81694340397641,60.0,60.0,-60.0,98.9434925204505,509.2074917163849,-986.7620095624654,30.0,30.0,30.0,0.0,0.0,0.0,6.798424724932416,-4.462149418004372,4.423626159984128,26.93607989279034,-26.095868671352257,7.248935363264104
adaptive,1.4000000000000001,420.3960571480289,758.3994702987306,331.10041210016914,525.0582480411681,249.84362755364916,2.0643250529310344,15.125771901041778,133.50139126317984,1851.3249392289595,1000000.0,1000000.0,0,1,-1.7771714716508666,-2.220807907403135,2.312044208465652,5.325097553219272,4.835620452789989,-13.72759931347644,3.0568662097772794,-1.2335918927765486,1.222634449282964,-0.3652529111783813,-0.9458922717538272,0.3057668832159394,-3.2635481626812615,1.0285397574993453,-1.8730526351494368,-12.424943379657872,-8.647817910934592,25.77820445129219,-60.0,-60.0,60.0,-430.91548641454517,-267.97063244095784,801.4018764119926,30.0,30.0,30.0,0.0,0.0,0.0,6.635310729405799,-6.692227668242518,7.50789716175421,30.912879388469108,-19.731015622230892,6.513696910345647
adaptive,1.5,408.4884642001243,759.7244485264459,395.64335744685843,552.4701831830588,207.65193779623132,3.283315810137842,22.31043522883134,140.22259536983958,2248.0017975541477,1000000.0,1000000.0,0,1,-1.9042555071727607,-2.8329310125139577,-2.492964774321586,-2.064073663116062,-7.319537285016698,15.0,3.009898494150816,-1.299029044570401,1.2303258581836323,-0.46967715626463796,-0.6543715179385231,0.07691408900668266,-3.207739767976657,2.4134324179485906,-5.042875260342053,2.835353791118407,16.68495579909343,-31.517818058412004,60.0,60.0,-60.0,68.98671266021267,545.3352226999426,-1011.2743372266082,30.0,30.0,30.0,0.0,0.0,0.0,9.21190444417596,-5.854669915278576,5.611169693221889,33.44199979097265,-13.569724587587032,6.089879529339612
adaptive,1.6,396.4960573238453,759.9530963345655,374.00622209189123,513.0450873748063,247.93014656800617,2.563018837908895,15.420379438785723,134.03194162096042,1982.212457219684,1000000.0,1000000.0,0,1,-1.3589345979501768,-2.368847742108791,2.4984534812686814,5.313723417846045,5.7249769852841235,-13.9144492910174,2.9593963862985078,-1.3309199537148824,1.2213008047200464,-0.5050210785230821,-0.3189090914448151,-0.09025053463585435,-4.434729724384885,1.7569464853430021,-2.6445558877331243,-11.395285083273263,-9.45648760495075,26.80055552512061,-60.0,-60.0,60.0,-400.6324367761694,-291.5708268983561,829.0083162285945,29.35146039476198,30.0,30.0,0.354091662966193,0.0,0.0,9.55500427563414,-7.995923249930939,8.818029734876617,33.904224219610434,-12.27473778760578,6.015341564656637
adaptive,1.7000000000000002,384.53866068453704,759.0831291497716,423.89671702388824,558.9474228299008,203.96901123201314,3.710291725210512,23.45460326595131,152.43644013204946,2425.2247681220524,1000000.0,1000000.0,0,1,-1.50945809264259,-2.9618547240539885,-2.312457200921556,-2.273334619068022,-7.646021642154181,15.0,2.91131631754085,-1.3364980173742926,1.203797331380036,-0.48080068757658284,-0.05578063659410243,-0.17503473340010206,-4.205622481568875,3.1949327767652895,-5.70889628315609,4.343983137178516,16.89531595692882,-30.576543143681224,60.0,60.0,-60.0,106.24622672204696,557.3462529234863,-986.4378299502561,30.0,30.0,30.0,0.0,0.0,0.0,12.47954021830342,-7.1229565399438926,7.014846790351133,32.186384013611416,-16.826075414955103,6.296741270689072
adaptive,1.8,372.73574863682956,757.1232393966014,411.91059235941725,522.8556789188636,237.52043758986235,3.120992701711245,14.813407476429967,119.30786981045053,1957.1973676798316,1000000.0,1000000.0,0,1,-0.9783964472047879,-2.5765600107074427,2.6839737835619903,5.120359296678127,4.481647017665725,-13.58742008874297,2.8708254015251473,-1.3249277415756162,1.184029121271216,-0.404909160157019,0.11570275798676388,-0.19768210108820417,-5.272836077056321,2.6189672962504167,-3.1975714256697527,-9.938438747979541,-7.901869247814507,26.978160016452247,-60.0,-60.0,60.0,-353.51339768601656,-234.99882980799026,830.1860762871308,28.321234821824316,30.0,30.0,0.6589105337742212,0.0,0.0,13.059226577053677,-9.507966512106176,10.328270195656108,28.709066367175808,-23.77937589118773,6.908942049776051
adaptive,1.9000000000000001,361.2052519763796,754.0930096456156,455.3576672051377,569.575541274115,207.1506056656272,4.230315442033894,24.972532760128757,169.67597739435962,2718.8681444173762,1000000.0,1000000.0,0,1,-1.2252817268062097,2.9733745484522114,-2.1229619441015553,-3.0514097365972788,-8.938329342257914,15.0,2.8414554671663534,-1.3050572730615058,1.166247751573823,-0.2936993435879438,0.19870468514110531,-0.17781369697393268,-4.72659557000199,4.208211656472844,-6.165764919982348,6.803695090059236,18.38118967071635,-29.883715417190864,60.0,60.0,-60.0,179.0597377013488,613.1200310898083,-968.6746516852374,30.0,30.0,30.0,0.0,0.0,0.0,15.0,-9.098176973394809,8.665894409564393,24.323639915843717,-27.872520040653146,7.79725782960945
adaptive,2.0,350.0623796143429,750.022716950825,435.64075323709,550.05655604613,217.50890450479693,3.6748817307976367,13.925281044423196,107.60640568670875,1863.3153595517747,1000000.0,1000000.0,0,1,-0.7427984133639041,-3.036307148194416,2.9027803696887213,4.788766217339905,3.950721438696207,-12.904508550928822,2.824968275847965,-1.284115588388212,1.1531855016439998,-0.16487191318388716,0.2094168467329364,-0.13062249929823253,-5.5957091491193225,3.7137999663453445,-3.6298122353876754,-8.592535381178127,-7.890986754279556,26.181943338991704,-60.0,-60.0,60.0,-311.824514021887,-225.68687252467456,801.229972319613,27.720509274065517,30.0,30.0,0.7667517543991446,0.0,0.0,15.0,-11.990415993115576,12.05241679676157,20.103810001995672,-26.00789797417341,8.882338007204297
adaptive,2.1,339.4184674480171,744.9530303313761,487.34611458208263,571.6194622125674,227.87521722078137,4.594745592783834,16.501588103037303,170.5650033371826,1859.2404414888406,1000000.0,1000000.0,0,1,-1.0889705746808591,2.518122872876729,-1.8938463697531147,-3.9358556337007267,-8.650063936898054,15.0,2.821628493328271,-1.2672576794184485,1.1464649640714821,-0.03339782519694129,0.16857908969763497,-0.06720537572518012,-4.778570303537853,5.164188599466453,6.013417291924013,9.043055814715013,16.920193046969967,-29.422712018524862,60.0,60.0,-60.0,251.2353864224276,574.8010948237554,-920.2095740662488,30.0,30.0,30.0,0.0,0.0,0.0,15.0,-11.938293269198386,10.568465386274987,17.08273816025497,-19.59661849754548,10.067255601937402
adaptive,2.2,329.3798659293585,738.9346044201549,453.46233279254307,568.1082202454139,211.13529338570916,4.0520505249413565,13.038887848210644,106.07264125430157,1772.883882668107,1000000.0,1000000.0,0,1,-0.6918200310099105,2.857935281472188,-3.1117641845106454,4.732164050860535,5.168727623816503,-12.180312419622233,2.8306701127856515,-1.2575707005108991,1.1468614138282192,0.09041619457380284,0.09686978907549379,0.003964497567369812,-5.430974132194247,4.432228439468491,-4.045154920114073,-8.153179029161599,-11.022585835378587,25.111036537277155,-60.0,-60.0,60.0,-305.79323934399105,-318.64614297155106,765.7302499972719,28.475856840956745,30.0,30.0,0.4975204921321054,0.0,0.0,15.0,-14.977428827198578,12.006318619567145,16.00008814104367,-13.490610099943158,11.246165454053514
adaptive,2.3000000000000003,320.04687744642104,732.0275733394392,507.10789156592955,566.9763865509163,249.4668660638499,4.590617558592307,17.16083613193222,171.65526958388463,1940.6303629553124,1000000.0,1000000.0,0,1,-1.074103823821797,2.2266390361093196,-1.6155154953857813,-4.5577434432995,-8.760743149274768,15.0,2.8510148990771507,-1.2566724232623154,1.1546826906139351,0.2034478629149894,0.008982772485836912,0.07821276785716462,-4.512685305646288,5.60873046810174,5.618609139856598,10.542717075717134,16.58269667204275,-29.09602258841397,60.0,60.0,-60.0,301.5518610974333,569.7741936374306,-911.7295436524952,30.0,30.0,30.0,0.0,0.0,0.0,15.0,-14.815399006642016,10.704693419645839,17.12093042780415,-12.310778203983077,12.3137590575528
adaptive,2.4000000000000004,311.5127541350505,724.3009498606266,471.89541966910434,573.6061016232253,220.07166262175053,4.305569879550975,12.357493464464872,101.11543605266928,1732.390841373363,1000000.0,1000000.0,0,1,-0.739917139424227,2.538211490018065,-2.810016228385027,5.069408076994056,4.719785804050473,-11.58993227533006,2.881563030001532,-1.2653416977285163,1.1699794861583683,0.30548130924380507,-0.08669274466200919,0.15296795544433475,-5.01792896626385,4.872571494204001,-4.453411229828046,-8.612167979840574,-10.593890119222952,24.218192179925616,-60.0,-60.0,60.0,-333.87554421346874,-302.20556081607447,735.7496125770057,30.0,30.0,30.0,0.0,0.0,0.0,14.986482558704036,-15.0,12.205715957268783,20.170843737996098,-16.94999606676048,13.174671455396615
adaptive,2.5,303.862766134368,715.8319358514352,528.7132119703004,543.855579433919,283.0787702376534,4.567221338830771,11.066267631394245,195.31788431225704,1057.238280037134,1000000.0,1000000.0,0,1,-1.0808866127501897,1.789517334502654,-1.299588713225809,-4.491180158081803,-11.481533776342165,15.0,2.9212680164825118,-1.283820302412697,1.19260019888657,0.39704986480979776,-0.18478604684180777,0.22620712728201708,-4.1650114910839715,-6.33146132067251,5.2105849515067755,10.595863297968528,21.623051387990788,-28.846949454565348,60.0,60.0,-60.0,304.8329109410428,678.5640257643416,-905.8406013724286,30.0,29.773396726141343,30.0,0.0,0.07211157314486748,0.0,15.0,-15.0,11.06387258998846,24.403102923839192,-23.897396099684077,13.751999907098956
adaptive,2.6,297.17334959572634,706.7051509003611,499.68198834345054,550.3461331118317,255.84739828899947,4.72691976676918,11.814952801904642,93.33563904094693,1638.5302071443052,1000000.0,1000000.0,0,1,-0.8599117013046094,1.8485752810360365,-2.497667382914751,4.98353561354407,2.89332285810277,-11.27762139678796,2.969167035485345,-1.312003347806977,1.222227274523478,0.4789901900283303,-0.2818304539428005,0.29627075636907885,-4.429222950750933,5.963382902730345,-4.830310543113637,-8.276955894838816,-7.287373420121421,23.803133782360156,-60.0,-60.0,60.0,-319.68737763083516,-191.34096242513232,720.8057670340803,30.0,30.0,30.0,0.0,0.0,0.0,14.902149399900651,-15.0,12.630178997747375,28.78150333143977,-27.895324464965196,13.99417338149842
adaptive,2.7,291.51134295795265,697.0117868257213,536.9012546355603,486.4209586709296,323.36466358596624,3.9373149034637858,12.890557989952033,206.6461526409324,1213.1442467005654,1000000.0,1000000.0,0,1,-1.0379273934994862,1.0072679120430106,-0.9811365002519503,-4.330771553181923,-13.011583873151283,15.0,3.0243874040101044,-1.34955706116156,1.2584078449208462,0.5522036852475967,-0.3755371335458284,0.3618057039736865,-3.8895373340923944,-5.08918707995497,4.84089439431928,10.419338199095218,24.383950130117213,-28.67684100293594,60.0,60.0,-60.0,300.22755128739374,690.2755408428711,-902.3811561662799,30.0,26.86782564456459,30.0,0.0,0.8882674902868974,0.0,15.0,-15.0,11.598609261159483,32.23405983896459,-25.918228680623148,13.879559243380344
adaptive,2.8000000000000003,286.933319119761,686.8486965171495,494.9078909423258,491.049209818661,285.6411411477184,4.275775375707002,12.72002849757852,88.89446216564625,1633.5457949667666,1000000.0,1000000.0,0,1,-0.9991584659263912,0.9835653318485322,-2.1916765400515814,3.773980957061704,2.9503432010435304,-11.320616876486346,3.0861416497572254,-1.3959922080070797,1.3005838912093814,0.6175424574712145,-0.46435146845519815,0.42176046288535496,-3.7782279255207247,-5.223466548166422,-5.160089288951892,-5.73059949101719,-7.657917195037317,24.021142519106444,-60.0,-60.0,60.0,-232.09886776028344,-247.43275484795933,725.8917921777283,30.0,30.0,30.0,0.0,0.0,0.0,14.867629734273141,-15.0,13.224066158068398,33.915466201253835,-19.462335419796172,13.418395632353121
adaptive,2.9000000000000004,283.48502018204914,676.317426213538,498.82754594703476,432.89276222962894,325.00456987329045,3.3717545876778323,12.741569008819656,178.93769411426825,1233.2814522302638,1000000.0,1000000.0,0,1,-1.0329947385238656,0.23769171176441484,-0.6823503521972287,-4.083195539233869,-11.172404356015077,15.0,-3.1294666365936017,-1.450712633412998,1.3481238159015474,0.6757702082875934,-0.5472042540591842,0.4753992469216591,-3.517173587851879,-3.9240129444140104,4.536347583119212,10.035878948402809,20.48859954978815,-28.58005657022497,60.0,60.0,-60.0,289.4725001603762,656.8533139952226,-901.0310361014542,30.0,30.0,30.0,0.0,0.0,0.0,15.0,-13.20176185517381,12.238381744062885,33.41405549972214,-13.413335994095348,12.651876920328728
adaptive,3.0,281.20090040794656,665.5232008865854,461.80845835879995,456.5336112949236,276.2168324824939,4.0210558946146,12.075398368625011,94.93695452089753,1489.3332425050153,1000000.0,1000000.0,0,1,-1.059391654577917,0.34516221103819955,-1.9287392604815252,3.175909499986136,3.69874072330985,-11.685465034964306,-3.0567101412312434,-1.5130510653601528,1.4003551899530304,0.7275649536235818,-0.6233843194715477,0.5223137405148304,-3.267072019683071,-4.339810872268252,-5.38586797297523,-4.436935127940706,-9.335150098046228,24.816593016255055,-60.0,-60.0,60.0,-186.59613637082185,-297.4123013579732,749.484015542855,30.0,30.0,30.0,0.0,0.0,0.0,14.830193414585404,-14.796407965726045,13.91256613076381,30.85259056141405,-12.348992572763976,11.648473940967026
adaptive,3.1,280.1037819672065,654.573872867662,443.312295541623,414.8517853733326,290.0063760261305,2.947501431008738,13.198736041955234,170.25092008870556,1284.0657522819495,1000000.0,1000000.0,0,1,-1.0359330035480836,-0.40614996347108434,-0.4215793126522511,-3.9283793726543843,-10.755388005082667,15.0,-2.9793561062210414,-1.582298497432142,1.456596918657481,0.7735403501020219,-0.692474320719891,0.5624172870445086,-3.113305855243893,-3.044771388642007,4.318769749663973,9.811138332986001,19.507481104506148,-28.54019690519136,60.0,60.0,-60.0,284.224591094043,629.094826215646,-901.1542285075944,30.0,30.0,30.0,0.0,0.0,0.0,15.0,-13.027926614698863,12.904630600845557,26.85820733744017,-17.074779037739056,10.497817694028246
adaptive,3.2,280.2046269046296,643.5788442229662,417.4970272330465,451.1967884490147,236.34732613623967,3.803238945940053,10.962717207537919,99.06894616119327,1319.398590537874,1000000.0,1000000.0,0,1,-1.0565445428748372,-0.32466880364599815,-1.7179186015384618,2.989490344344469,2.9096939835507474,-12.269417798264596,-2.8979290823361072,-1.657729392146325,1.5161883325691283,0.8142702388493408,-0.7543089471418316,0.5959141391164707,-2.868498840073199,-3.420430124142486,-5.502242607027521,-3.990062196470631,-7.8742424750690505,26.003977855034094,-60.0,-60.0,60.0,-169.60527894540178,-246.8235084125286,785.8072337838347,30.0,30.0,30.0,0.0,0.0,0.0,14.755477944776853,-14.724262270315808,14.613627440899322,22.408870150014412,-24.014314408164594,9.302692875108075
adaptive,3.3000000000000003,281.5024276109362,632.6479736442426,372.8795527368107,442.1672971421327,211.2644483034738,2.581952568295474,14.531270545596614,176.75992810917816,1470.2863059467986,1000000.0,1000000.0,0,1,-1.0260295691716474,-1.2086282152268724,-0.20829577084142725,-4.332139327233941,-11.453393494383972,15.0,-2.812898278305977,-1.738622652997347,1.5785128862834945,0.8503080403013034,-0.8089326085102209,0.6232455371436667,-2.723429377967357,-1.8689214840511696,4.19686285139351,10.6837986783282,20.81276330322082,-28.535749760037724,60.0,60.0,-60.0,315.1662200454455,676.052422104579,-902.0127836572526,30.0,30.0,30.0,0.0,0.0,0.0,15.0,-13.331634966623296,13.53087941030139,18.593931918677892,-27.915896666036286,8.169856424898715
adaptive,3.4000000000000004,283.9842168904647,621.8904787770485,379.75266637389535,484.7192433206189,167.29478100976033,3.6138445653577143,11.071504127822337,109.47618011508743,1323.6902300112736,1000000.0,1000000.0,0,1,-0.9800721471986815,-1.1240449080909434,-1.5537652854178168,3.4094449991206295,3.5706651931527054,-12.767856380678525,-2.7246784348432698,-1.8242774985336359,1.6430150316546106,0.8821984346270744,-0.8565484553628894,0.6450214537111608,-2.607014140662102,-2.2570136362482747,-5.527788526503157,-4.771650538500637,-9.26354198519483,26.995037168141078,-60.0,-60.0,60.0,-193.76565800893553,-286.21697487344886,816.5713186067584,30.0,30.0,30.0,0.0,0.0,0.0,14.517387015220024,-15.0,15.0,16.34742257308399,-25.826886142652747,7.200501249625825
adaptive,3.5,287.62519752510445,611.4138449541418,339.29123449131737,508.16043027032333,115.45842117257045,2.3972749270940117,14.80833931786484,168.33726025633138,1520.0306278386283,1000000.0,1000000.0,0,1,-1.0066812936134637,-1.9725223588747527,-0.0504895070064153,-4.618846617911714,-10.632675465309315,15.0,-2.6336301654756977,-1.9140234909515612,1.7092099920193435,0.9104826936757217,-0.8974599241792535,0.6619496036473314,-2.343415050048747,-0.780462188332871,4.181348601698849,11.310841226874556,19.124934422880354,-28.547877185727593,60.0,60.0,-60.0,337.9778262134145,626.8747964518482,-902.7338589100632,30.0,30.0,30.0,0.0,0.0,0.0,15.0,-13.717910657531784,13.841589143331941,16.21936595078658,-19.328204354466024,6.48121696011332
adaptive,3.6,292.38899003990235,601.3227512375662,379.94218290428785,516.3001525273227,122.04263137195701,3.5738877933457855,12.36946765568387,125.70824349927004,1498.17725903489,1000000.0,1000000.0,0,1,-0.7875975473340118,-1.642082106976093,-1.4132441467432033,3.9826860795901866,5.790997534874734,-12.895816448878985,-2.540060070071129,-2.0072244499632843,1.7766871884538542,0.9357009540456902,-0.9320095901172303,0.6747719643451058,-2.569224091428544,-1.6622942760916126,-5.511735979619952,-5.867028853596393,-13.731112030903427,27.235611615358444,-60.0,-60.0,60.0,-229.63969716364528,-426.7465281709682,824.2205898685304,30.0,30.0,30.0,0.0,0.0,0.0,14.31737052964111,-15.0,15.0,18.241114779054914,-13.337924117537762,6.076255079734034
adaptive,3.7,298.22799619475103,591.7180245000657,348.9716630179618,540.8596649947772,71.84352757370834,2.3834494664954646,14.438345464076127,156.57182874100488,1460.0179810675618,1000000.0,1000000.0,0,1,-0.8633822647425324,-2.3935466115126234,0.08513008573814318,-3.976323482551961,-9.80188188872886,15.0,-2.444220560691634,-2.103276386784202,1.845108732777467,0.9583950937949501,-0.9605193682091802,0.6842154432361323,-2.2032814981032534,-0.3799789187523377,4.20417273731478,10.076640478177543,17.455588818336256,-28.564127438696197,60.0,60.0,-60.0,297.9374662520185,574.7155522315811,-903.1298520738602,30.0,30.0,30.0,0.0,0.0,0.0,15.0,-13.360275801587404,13.818547124918554,21.917674433773488,-12.389370089705757,6.021789647184043
adaptive,3.8000000000000003,305.08387457027004,582.6956319963009,390.8457343638575,534.7791383226325,98.23994585316939,3.6184350283835847,12.507292281707006,125.80398634851764,1558.6200945873527,1000000.0,1000000.0,0,1,-0.505400353584518,-1.9600676380094813,-1.2632134595375994,4.553460470228362,5.691207501770353,-12.769753678890298,-2.3463090180573016,-2.2015996858321514,1.9142046938493955,0.9791154263433223,-0.9832329904794904,0.6909596107192861,-2.7027019026022443,-1.4662970861248308,-5.520574696865896,-6.955506572212322,-13.51912796061438,26.96805144244368,-60.0,-60.0,60.0,-266.6702588080187,-419.20385717001216,815.7890802193837,30.0,30.0,30.0,0.0,0.0,0.0,14.468087404665388,-15.0,15.0,26.348894886966573,-17.200389048346704,6.322685897341297
adaptive,3.9000000000000004,312.8881234959832,574.3457224897628,367.82327931337056,574.1838883468776,54.93539419145392,2.461262563211191,15.708249410328872,165.83115377538923,1639.5562171801002,1000000.0,1000000.0,0,1,-0.6024042525165272,-2.8584026834765965,0.23880997691553585,-2.9692455521554515,-11.259243392775941,15.0,-2.2464656402673917,-2.3016254546412473,1.983766903553569,0.9984337778990982,-1.0002576880909597,0.6956220970417372,-2.2896889976026316,0.11329676957973867,4.185535950317804,8.120670249894923,20.405571148094324,-28.577355659308143,60.0,60.0,-60.0,232.6974468241646,671.0826440829155,-903.6041932911671,30.0,30.0,30.0,0.0,0.0,0.0,15.0,-13.425348990663059,13.840131362876095,30.44985882747641,-24.130097760639416,6.952065664323872
adaptive,4.0,321.5627654963666,566.7517255161279,394.6376298493727,579.4982764041932,74.17823373303169,3.744809630866763,21.867855062868966,118.64460540894487,2409.5395581126636,1000000.0,1000000.0,0,1,-0.10851219915672727,-2.540236792173905,-1.0861596073188844,5.3030452953845915,4.315502578187663,-12.58725289248822,-2.1447691465796237,-2.4027752260631,2.053643114723826,1.0169649368776805,-1.0114977142185237,0.6987621117025756,-3.0555489579681123,-0.7365745819969138,6.9783675557879965,-8.387833331676834,-10.704699075997791,26.593459787424685,-60.0,-60.0,60.0,-316.5826985040554,-326.3492809206721,841.5006549675692,30.0,30.0,30.0,0.0,0.0,0.0,14.796133033634154,-15.0,15.0,33.21650725654865,-27.934230827544926,7.853708327998261
adaptive,4.1000000000000005,331.02112641600775,559.9895177829148,397.2651373417932,637.8143187767436,102.20062931931793,2.726444816708102,17.276764506016587,170.3196858710129,1892.781287830995,1000000.0,1000000.0,0,1,-0.2357660088792639,2.646522252880155,0.42318778267169144,-1.3743834175816032,-12.104160188920606,15.0,-2.041229379038486,-2.5044319823968064,2.1237336236845152,1.0353976754113794,-1.0165675633370657,0.700905089606885,-2.5755290649070646,1.2478945804681847,4.101996771632533,5.010928577548312,22.194190812653254,-28.581264992650148,60.0,60.0,-60.0,128.1209834424966,733.1224864819122,-902.0014601928826,30.0,30.0,30.0,0.0,0.0,0.0,15.0,-13.888543024759393,11.869500728275804,33.97146814850919,-25.73389618528522,8.947072834536796
adaptive,4.2,341.1687014391161,554.1266650345053,389.8008428923667,651.1593573659746,108.53768268865224,3.86327987155355,21.556308645273347,118.3013516984466,2431.3388918256173,1000000.0,1000000.0,0,1,0.2764201387066958,2.908797643242428,-0.8785535313462058,5.784308585150359,4.658388893839856,-12.225025725157595,-1.9357759475817244,-2.6058986831156514,2.193993380926564,1.054534314567614,-1.014667007188448,0.7025975724204933,-3.369857858009227,0.5223109544545663,6.847691396966033,-9.251582966359056,-11.243379618171167,25.87439961099536,-60.0,-60.0,60.0,-334.9033597139634,-338.84570030267616,819.8369584514171,28.796228990003815,30.0,30.0,0.2476251989676652,0.0,0.0,15.0,-15.0,13.6131812448146,32.5299007468245,-19.194263224059938,10.134492188884554
adaptive,4.3,351.90409935040293,549.22174695756,432.0475834740282,696.7997843499442,167.93527076841758,3.0726275246783077,17.815270698069334,163.81935367103156,1977.756378333508,1000000.0,1000000.0,0,1,0.1039275618164357,1.8142139638410457,0.6517198683334229,-1.4425257505803424,-11.372475255254153,15.0,-1.8282428603768988,-2.7063380619956416,2.2644446683270054,1.0753308720482573,-1.004393788799904,0.7045128740044115,-2.789009972338412,2.520872773885893,3.9299624739915764,5.2715088194061215,20.94542684259724,-28.55962997477292,60.0,60.0,-60.0,135.06635925163522,698.0262602478126,-900.5605583264877,30.0,30.0,30.0,0.0,0.0,0.0,15.0,-14.090062853335237,10.56154650527482,29.244751027847766,-13.264395791261592,11.309897756550765
adaptive,4.4,363.1200556025897,545.3237718721532,414.95787322207826,716.5029136147277,178.8559697166292,3.906279287476663,20.643539514592906,113.76381393935408,2237.23252193792,1000000.0,1000000.0,0,1,0.4117654741088783,2.082222435819464,-0.6265511840694407,5.33840422745058,4.9104691539404435,-11.923932736711444,-1.7183518174305838,-2.8046848017787447,2.3352093984996287,1.0989104294631495,-0.98346739783103,0.707647301726237,-3.161324153615775,1.8090887413317254,6.631168466864375,-8.203350650777448,-11.436754149560176,25.323418622637917,-60.0,-60.0,60.0,-298.8980596264728,-340.50814613724015,803.0351097804288,28.580399309962228,30.0,30.0,0.2913507243954222,0.0,0.0,15.0,-15.0,12.332752509436167,24.920338216386366,-12.431899338984735,12.368294058828898
adaptive,4.5,374.70450406830645,542.4716870568393,493.9914346317072,718.8883358790887,212.96057331090762,3.37553701621748,19.372609409744715,174.3737978751768,2246.530494022501,1000000.0,1000000.0,0,1,0.21851930905305128,0.9665330587381105,0.9152915689833314,-2.680368833797468,-11.8461606765192,15.0,-1.6057044050322948,-2.89952035202202,2.406576714129878,1.1264741239828908,-0.948355502432753,0.7136731563024925,-2.521973304187802,3.885908290406158,3.6962434465955862,7.938255874183313,22.340357856811764,-28.454093106148143,60.0,60.0,-60.0,224.0980494031574,747.4567078812805,-896.8979991615216,30.0,30.0,30.0,0.0,0.0,0.0,15.0,-14.317696309226083,9.363936316864036,20.615429387855414,-17.326790585212635,13.215137706206484
adaptive,4.6000000000000005,386.5416967677935,540.6939896003189,524.7916405173406,725.4564258396674,230.76005891802913,3.994278285738662,19.238189417590565,98.23953043221411,1819.9283002401767,1000000.0,1000000.0,0,1,0.2667587187478695,1.0676480809958937,-0.3334928078111803,3.259957866345865,2.7586527978136006,-12.032585345398225,-1.4898112930477798,-2.9889084271789064,2.479129635572596,1.1589311198451504,-0.8938807515688658,0.7255292144271797,-2.354208903746147,3.5593768464407054,6.350774101194732,-3.8323305177208784,-6.497677771710337,25.743426301260026,-60.0,-60.0,60.0,-163.60739749329554,-176.72743695680168,816.2803300121709,30.0,30.0,30.0,0.0,0.0,0.0,14.9524813411171,-15.0,11.172537365408743,17.38401636242345,-24.244713422001677,13.774782677776418
adaptive,4.7,398.5133603844531,540.0084416679489,577.5811473155803,628.2982872127178,199.65061768682492,3.534223445280344,13.190444849199935,190.25997548559704,1262.9200810332602,1000000.0,1000000.0,0,1,-0.0019614013565312227,-0.10203593508906206,1.2091612236876994,-5.104238777517051,-12.003540178471162,15.0,-1.3702209513104593,-3.070222609065247,2.5539545288314063,1.1959034173732055,-0.8131418188634062,0.7482489325881014,-1.5406156825346502,-6.749515166815775,3.437835542875515,12.977962513338259,23.525847523230073,-28.089654875387644,60.0,60.0,-60.0,395.72061397004217,722.0038467402356,-885.6073394869567,30.0,29.271601440714647,30.0,0.0,0.22089196370217962,0.0,15.0,-15.0,8.231199853953871,16.017261748185433,-27.95032176592437,13.99723755499167
adaptive,4.800000000000001,410.4998780127337,540.4218930280575,594.7655232709203,557.8402399526011,185.0870790519955,4.17991897286364,20.539733570737205,97.82067334922628,1980.9037323545078,1000000.0,1000000.0,0,1,-0.12183997730445606,-0.14524329642161105,-0.05724602986755967,1.876877753033821,1.8073509657172353,-12.305248359784752,-1.2468538283375612,-3.140086282911442,2.632917894684578,1.23367122972898,-0.6986367384619503,0.7896336585317167,-1.0163564723372307,-6.688322711441611,6.169961507635992,-1.0019257782008246,-3.4883811626315957,26.88743799906363,-60.0,-60.0,60.0,-61.34809176975633,-123.63412958758326,851.9676234070772,30.0,30.0,30.0,0.0,0.0,0.0,13.93091307150528,-15.0,10.08114616709379,16.8497947419404,-25.639285099313984,13.862631106197108
adaptive,4.9,422.3814843307091,541.9302126113234,504.17252121477634,473.2631007709072,106.79394160286003,2.442119825835561,14.758751642874241,182.00909407935546,1662.877495361402,1000000.0,1000000.0,0,1,-0.562575964746288,-1.1630532070275845,1.484003314388235,-7.243221367771389,-9.80677780477638,15.0,-1.1206418326805747,3.088471292879217,2.718858000162056,1.2621199565698658,-0.5462773138892728,0.8594010547747859,0.14598822070129236,-4.609598928434841,3.329110426322428,17.01310236237699,20.336116543664282,-27.23347147172716,60.0,60.0,-60.0,539.9294450630292,644.0031636063196,-859.141925461154,30.0,30.0,30.0,0.0,0.0,0.0,14.798883339116596,-13.130951791025053,7.12511258830647,19.677782231213882,-19.060549897383233,13.382987324571733
adaptive,5.0,434.0394622555871,544.5183297870548,475.37800956443317,439.48329227104097,112.8770773877324,3.454895928600048,20.79366278734595,106.75581896916367,2019.7920404117629,1000000.0,1000000.0,0,1,-0.6019183762709805,-1.0253103800507484,0.1853795307486581,2.96520647044772,4.165650119954703,-12.383147551468978,-0.9944056398866432,3.0519947171091903,2.815275369826767,1.262361927939314,-0.36476575770026565,0.9641736966471126,0.4773874007079886,-4.7765261777395605,6.223965374803331,-3.950378096434373,-7.3614596572284245,28.005564919284627,-60.0,-60.0,60.0,-146.0203777740444,-242.33816376380958,886.9958314372608,30.0,30.0,30.0,0.0,0.0,0.0,12.582120462574792,-14.274331143820191,8.992454920094882,23.808834249120043,-13.192771803727052,12.601151360628467
adaptive,5.1000000000000005,445.3573291255577,548.1603849439495,396.89499735696893,469.46000733367805,92.42481829275121,1.8293757359262945,14.74342169442906,157.98286251879176,1681.4682858093215,1000000.0,1000000.0,0,1,-1.0014873636728021,-1.8788968956867822,1.7212681324875332,-5.931539751277537,-8.459571723168409,15.0,-0.8736163372068875,3.0325118623199785,2.924801963722003,1.2078930267975578,-0.1948285478921143,1.0952659389523571,1.4636350797293871,-2.9383816462377643,3.502333601421297,12.89474709270469,17.01597095977409,-26.682371695919265,60.0,60.0,-60.0,417.8849955836856,544.8709414592728,-840.9794669252054,30.0,30.0,30.0,0.0,0.0,0.0,13.328466183496712,-12.307052358327454,6.015316851891313,28.231525186199544,-12.476568296423972,11.586962292522449
adaptive,5.2,456.22200055604526,552.8199878707832,402.26814128611016,449.74114845152917,116.3454600151648,3.1242160072382337,21.143316977960716,118.96373848345561,2089.828819250812,1000000.0,1000000.0,0,1,-0.7671606687414725,-1.573979392551759,0.41877845266309865,4.525309378335672,5.102943264934771,-12.527770004681814,-0.7666682191615868,3.017893853622982,3.045599521878999,1.0694811804530078,-0.1461800869699641,1.2079755815699593,1.0704660796127792,-3.528804208979655,6.46161772000176,-9.366036807318931,-13.149960844884902,27.59075818289796,-60.0,-60.0,60.0,-312.82007774609997,-415.50410106695256,876.8359651853256,30.0,30.0,30.0,0.0,0.0,0.0,11.109913734194635,-13.521714175252196,7.854943475663906,31.863026054316425,-17.453947911180148,10.431014609197769
adaptive,5.300000000000001,466.5249203414994,558.4505813553709,377.797015458977,507.99866321158277,102.0687863611077,1.5319746401797334,14.639103573046883,148.57750058307758,1597.4945904031226,1000000.0,1000000.0,0,1,-1.0700345720075402,-2.466613260240703,1.9457710896928058,-4.108327546012571,-9.388471372721206,15.0,-0.684263905231822,2.976758703515231,-3.115595557039647,0.8240431392976475,-0.4113515010775074,1.2199022826094006,1.5955844728490838,-2.0909781879248106,3.663539603503669,6.675107403791223,12.015008674904188,-28.354748821421076,60.0,60.0,-60.0,222.33032750309513,401.26296271730223,-889.4684872718358,30.0,30.0,30.0,0.0,0.0,0.0,12.146366723811502,-11.622729730991022,4.816641439714534,33.81421878793526,-24.358128987282488,9.236565674503236
adaptive,5.4,476.1631451131162,564.9959063688414,384.76644448612404,491.23769724949534,117.44628686337087,2.911256534048209,21.41057379172613,128.85030240601216,2153.580744249558,1000000.0,1000000.0,0,1,-0.6215766622442338,-2.1825037330627084,0.6404249378117179,5.184877503706685,4.269507000922132,-12.984048165591403,-0.6337559309703495,2.876231242723648,-3.001550862645106,0.505079742614726,-1.0052746079158283,1.140446943945413,0.4807212051624945,-3.454175270702289,6.422865957390938,-11.110380316049005,-14.496817138517637,27.873917499489423,-60.0,-60.0,60.0,-371.9715403908883,-452.5710650103806,887.8077922504758,30.0,30.0,30.0,0.0,0.0,0.0,10.435193118153006,-13.228178231646229,6.630475103153947,33.60738335564053,-27.964164931828122,8.110312054406123
adaptive,5.5,485.0403729149512,572.3905641872569,401.0905025735202,545.6706823476238,88.09956195048322,1.3337968657125754,13.934898610054478,133.85513535314732,1416.5767164190413,1000000.0,1000000.0,0,1,-0.8768941303134858,-3.130054735739622,2.1554185436775395,-2.598039433991227,-9.414333942524706,15.0,-0.6007558046475276,2.7362312427236475,-2.8912568954464066,0.33000126322821743,-1.4,1.102939671986992,0.8822779145601338,-2.2337986574326343,3.5759594080982713,6.755113547914304,16.028667885049412,-28.127713171589573,60.0,60.0,-60.0,211.68887052102102,521.1111458237395,-881.6288857668692,30.0,30.0,30.0,0.0,0.0,0.0,11.846440007716263,-11.528968131888856,3.5253688434767723,31.29316028489588,-25.543079633869567,7.152858630523507
adaptive,5.6000000000000005,493.06790542123,580.5606698340447,387.71431997032744,539.11686523027,113.21204400326181,2.8021549500451717,22.057610817487262,140.98720015748515,2256.2112395310696,1000000.0,1000000.0,0,1,-0.3578756058540469,-2.791276030642109,0.8513448522570224,5.00368343067698,4.856515126385644,-13.558041291334032,-0.5587653567899515,2.596231242723647,-2.784298853403343,0.419904478575759,-1.4,1.0695804204306363,0.01812497670394969,-3.19135606762766,6.364663623469077,-7.7477174349166855,-11.246637688073626,28.78809844149282,-60.0,-60.0,60.0,-273.1472185744896,-356.48192952365287,918.0578526510129,30.0,30.0,30.0,0.0,0.0,0.0,10.802344803150854,-13.108685894609112,5.353215338181049,27.43815209477079,-18.927102178834687,6.449731865673982
adaptive,5.7,500.1655341806992,589.4245903142598,428.885027952455,571.238674803636,73.56383684334517,1.2678110983432511,13.386398164466586,124.23152305618886,1333.6076730992352,1000000.0,1000000.0,0,1,-0.607283796031008,2.6879975600991415,2.35683566969505,-2.360096278786679,-7.827552448595327,15.0,-0.502576504239518,2.468895168370624,-2.6820122611806445,0.5618885255043347,-1.2733607435302339,1.022865922226985,0.7713031090873146,-1.711565526987269,3.5115406748347704,6.83312288183478,14.48235636733242,-28.39641492818648,60.0,60.0,-60.0,211.48407044294459,470.272792938331,-888.5234083729027,30.0,30.0,30.0,0.0,0.0,0.0,12.298012339342764,-11.338154231926184,2.165582551812551,22.986199238318832,-13.123072404986003,6.063739979673427
adaptive,5.800000000000001,506.2623420329583,598.8937602644868,394.7544373408428,567.5154675979708,115.83872435196898,2.7640548215360763,22.08491455699476,142.19433938895708,2240.1419301736905,1000000.0,1000000.0,0,1,-0.14948081177145855,3.119823873034031,1.0583710732127516,4.647973596942794,5.480940987098021,-13.754567441134819,-0.43649611895655704,2.3552988235896226,-2.5841471366843507,0.66080385282961,-1.1359634478100105,0.9786512449629401,0.08677323845941298,-2.6650135466988276,6.259985439527908,-7.383190168440201,-12.116353666829488,29.0700933388396,-60.0,-60.0,60.0,-260.2214997270869,-383.39075678539206,928.1427227633371,30.0,30.0,30.0,0.0,0.0,0.0,11.358592522980565,-12.683671354679957,4.0037360438389875,19.027295042083267,-12.523364332892683,6.029362478117469
adaptive,5.9,511.29741168928433,608.8735668686741,448.2438156774881,589.9182242774053,65.84117999224476,1.2442303372516794,13.806781141355977,129.13637992784172,1394.3749472117224,1000000.0,1000000.0,0,1,-0.4076165727130725,2.366112416508777,2.5546231720688244,-2.39869235134567,-8.044735566899742,15.0,-0.3645042404757346,2.252877030838487,-2.490245452521616,0.7199187848082267,-1.024217927511353,0.9390168416273486,0.8061434492829025,-1.2506886988519328,3.4156502068056396,6.5764223723013195,14.96999752419404,-28.48877084720652,60.0,60.0,-60.0,203.79473334228544,487.1676745552571,-890.2175823787117,30.0,30.0,30.0,0.0,0.0,0.0,12.72695263052558,-10.89156135724465,0.801407582932951,16.530717324913418,-17.581825075410187,6.349670200835268
adaptive,6.0,515.220434398044,619.2642951981181,400.6146746719795,600.4638536844111,116.13757687974521,2.6496116558136737,20.900649132213584,126.44657583504731,2036.33318358839,1000000.0,1000000.0,0,1,-0.020519321580005023,2.6903529847642726,1.301168376023548,4.621428726508249,4.12804212462437,-13.42656083080422,-0.2891203609949766,2.159744860541524,-2.400011813663493,0.7538387948075793,-0.9313217029696268,0.9023363885812268,0.21663671597763612,-1.9925379514151238,6.066346623566317,-7.549939425438803,-9.315204976065129,28.304454589198787,-60.0,-60.0,60.0,-264.69243671668477,-291.55221791789666,904.9574564892313,30.0,30.0,30.0,0.0,0.0,0.0,11.765501890337008,-12.386251668215168,2.654903549844049,16.107715383164244,-24.47031239081293,6.996051012913296
adaptive,6.1000000000000005,517.9922126131102,629.9621245300696,471.9000887685428,614.4846441257803,48.6213562148167,1.2054120183435377,14.699522107645903,135.6453248778991,1496.6131633380876,1000000.0,1000000.0,0,1,-0.1869220117480772,1.841309540995872,2.787525125588312,-1.5744146952032052,-8.887675586801375,15.0,-0.21188407713459334,2.07464791703579,-2.3133115733010916,0.772362838603833,-0.8509694350573402,0.8670024036240161,0.7224387078308008,-0.38429268297750396,3.2316996202043837,4.783293396545418,16.79264792011336,-28.61630303329972,60.0,60.0,-60.0,144.1929828210704,548.8326932701829,-893.3300304955231,30.0,30.0,30.0,0.0,0.0,0.0,13.086939493496192,-11.039724051486479,-0.46396164285523733,17.861854844884455,-27.975756411416196,7.910765641493073
adaptive,6.2,519.5850516427861,640.8601656900754,418.38875537522824,645.2236285235433,101.29032622205537,2.4529263511269233,19.690967105830733,115.37041072976639,1885.1788904733653,1000000.0,1000000.0,0,1,0.11478048729581936,2.0404990888209635,1.613159932153934,4.9388945488407465,3.5547152665532686,-12.903282315247273,-0.13375040998489673,1.9967433296963089,-2.2301144113441675,0.7813366714969673,-0.7790458733948114,0.831971619569241,0.2842748769355351,-0.8665573916441207,5.71179354693221,-8.28582649257066,-8.006984729909899,27.117354821647492,-60.0,-60.0,60.0,-288.90039628113703,-244.98416423975877,867.9469058180512,30.0,30.0,30.0,0.0,0.0,0.0,12.39788347258599,-12.910468290327731,1.4189664179120616,21.363661192092415,-25.44530698885698,9.012105353053517
adaptive,6.300000000000001,519.9830363660099,651.8495290532786,490.4748854919221,642.8376872164292,30.85359397704445,1.2092434304354307,14.415769420382315,123.82869956575128,1417.8860457271408,1000000.0,1000000.0,0,1,0.14260737876243024,1.3274001988599728,3.1005367532386092,-0.6717578833530599,-7.219923287488481,15.0,-0.05532385021403119,1.9254441178566903,-2.150448779867099,0.7842655977086571,-0.7129921183961854,0.7966563147706873,0.38840313975573426,0.4830957195972496,2.861055862918442,2.902507895652924,13.631597854582303,-28.765367629662897,60.0,60.0,-60.0,79.64193363408295,451.6977999713363,-897.8184155810949,30.0,30.0,30.0,0.0,0.0,0.0,13.794269374157555,-11.937788305524306,-1.5594457200366558,25.755770101225753,-18.793957797718647,10.20169075122726
adaptive,6.4,519.1821902509831,662.8204125335543,426.3371694689203,667.9529593531697,92.9867782046309,2.2595886874742708,18.89919765058953,112.10957527591461,1860.8484038819895,1000000.0,1000000.0,0,1,0.40985103129063205,1.6150479991297981,1.9961397100363643,5.364312404397263,4.573441177417018,-12.309436366345965,0.02300731889212937,1.8603222611810484,-2.074369950982073,0.7833116910616061,-0.6512185667564142,0.7607882888502602,0.009624266264600778,-0.1606700426539137,5.186139581172557,-9.196640042682706,-9.864490361131296,25.775786798900462,-60.0,-60.0,60.0,-321.50355117650207,-301.2387032271394,825.377546467673,30.0,30.0,30.0,0.0,0.0,0.0,13.476221067224916,-13.632452487083167,0.3827853418963938,29.962840131175216,-13.055317300956627,11.373259715279595
adaptive,6.5,517.1905150873629,673.6631986896597,485.6045105692682,682.505826662793,32.800423029106454,1.156979320745008,14.41068523041054,117.73441693425586,1378.407838781791,1000000.0,1000000.0,0,1,0.5739154119928389,1.1043265726933846,-2.795362585838167,-0.09915798604194873,-6.02988566235038,15.0,0.10099210183817586,1.8010486957775624,-2.001937747211967,0.7798478294604669,-0.5927356540348574,0.7243220377010612,-0.16599879084885916,0.8007085921334982,2.311171714953462,1.7071927528531374,11.432323852743066,-28.920896811784278,35.814737756752656,60.0,-60.0,35.814737756752656,382.8830406188951,-903.2768823989613,30.0,30.0,30.0,0.0,0.0,0.0,15.0,-12.590948018667563,-2.4165068097065703,32.95483381191248,-12.57227421787697,12.422159478878404
adaptive,6.6000000000000005,514.0279110350235,684.2695499864717,420.351686938878,678.912331205185,93.82928516183976,2.0423650053741866,17.435613717804426,96.96881762146523,1663.7307070641682,1000000.0,1000000.0,0,1,0.7590206180428098,1.4366329162772402,2.4166799715544407,4.14013869749579,4.427142915345201,-11.714188173690859,0.17846869600270576,1.7473553687351968,-1.9332009523137246,0.7747659416452976,-0.5369332704236554,0.6873679489824214,-0.3863379024349106,0.08451163449225785,4.553976715605264,-6.791872073022356,-9.393287024333755,24.430863446430802,-60.0,-60.0,60.0,-245.75590149751042,-285.0754570987704,782.1166923449115,29.977177972487755,30.0,30.0,0.000994169938511437,0.0,0.0,15.0,-14.093678754654016,-0.38629428409912414,33.999206740965406,-17.710385923546028,13.254694950028421
adaptive,6.7,509.7259777882383,694.5334912678259,469.7789951292306,719.7534873854745,47.24203242593689,1.1909674421639835,15.905371950423323,128.26302312204677,1566.6549077174345,1000000.0,1000000.0,0,1,0.9453466309083725,0.8687762724871595,-2.371174572464231,0.013202511575747618,-7.456146570515795,15.0,0.2553340245540219,1.699010695164871,-1.86818664540464,0.7686532855131605,-0.4834467357032596,0.6501430690908454,-0.6113719271955407,1.1770221096521634,1.6561189232100273,1.443335469225531,14.459150958543415,-29.071827686738754,24.5526174441382,60.0,-60.0,24.5526174441382,481.44550334984064,-909.197273166146,30.0,30.0,30.0,0.0,0.0,0.0,15.0,-13.13829987286637,-2.989200666386504,32.84026000152259,-24.58123191528976,13.796498214591578
adaptive,6.800000000000001,504.327698841979,704.352468625247,418.47849141667433,698.8109386743577,86.02787321414837,1.8704332665607224,15.885989309962053,83.14647927560897,1453.0448658350572,1000000.0,1000000.0,0,1,1.046986005131366,1.0776923717277773,2.847666100839799,2.878870066358786,3.3300243954877016,-11.393712111213192,0.33152369231884515,1.655803534483728,-1.80689347674476,0.761896677648231,-0.43207160681142515,0.612931686598801,-0.6690279479768106,0.7241507187004763,3.870183145788856,-4.305452346424897,-7.030535644021183,23.64448830770165,-60.0,-60.0,60.0,-164.67471087397442,-206.33956402778438,755.9805146961558,29.819705911869953,30.0,30.0,0.0,0.0,0.0,15.0,-15.0,-0.8541796941001083,29.761744175080214,-27.98509292746163,13.999171600570676
adaptive,6.9,497.88701201504284,713.6283740827021,462.9028667155172,743.2790169327787,45.85903448352491,1.459474660520227,17.426828924695517,137.005474721528,1770.6691823937426,1000000.0,1000000.0,0,1,1.2276982285441207,0.42551447293999756,-1.9379941555805085,-0.3298899219153966,-8.298144361634932,15.0,0.4069983043936305,1.617532937408356,-1.7492883009641031,0.7547461207478523,-0.38270597075371804,0.5760517578065675,-0.8866537275531281,2.001330958182999,0.9534634670393781,2.0953578669247825,16.304852961270495,-29.210158388017106,44.52015317391709,60.0,-60.0,44.52015317391709,544.7701979084934,-915.1479583041746,30.0,30.0,30.0,0.0,0.0,0.0,15.0,-14.42670779110681,-3.2964029352204363,25.51738730294432,-25.34599480726572,13.844610898008462
adaptive,7.0,490.4682705211966,722.2685258590668,415.23147761250425,717.0238752248006,75.41936997523227,1.8332986059874896,15.333127271071026,85.06466684927643,1434.6669572721605,1000000.0,1000000.0,0,1,1.3205438198602089,0.6378702648650618,-3.022790596364629,3.1418566555168534,4.011048115714084,-11.382585923031549,0.48173377428439856,1.584002102128065,-1.6953057442197488,0.7473546989076808,-0.3353083528029116,0.5398255674435435,-0.9302653922439398,1.5569553217230947,3.1947952717333035,-4.864509923877263,-8.238277245801187,23.492111421947683,-60.0,-60.0,60.0,-184.1464635696267,-241.96468854999958,749.5444433326718,29.7666761159676,30.0,30.0,0.027550615255072547,0.0,0.0,15.0,-15.0,-1.0489570899467364,21.14635597453464,-18.661154397577544,13.346622554144224
adaptive,7.1000000000000005,482.1455999731367,730.1865944138464,448.3790908748096,760.849953639651,45.611607466719946,1.756124522530763,18.08460078196514,136.62421531891715,1837.8707141480131,1000000.0,1000000.0,0,1,1.4872666346141221,0.0708542950952249,-1.528882544562479,-1.1006846783583175,-7.817089740858263,15.0,0.5557141840685773,1.5550156237601023,-1.6448503030654194,0.7398040978417891,-0.28986478367963114,0.5045544115432934,-1.1233008032493004,2.6784578736501237,0.2726188945374126,3.6041483173035296,15.489480395070144,-29.331456844063577,60.0,60.0,-60.0,92.98875276976,521.1267018954599,-920.744510557186,30.0,30.0,30.0,0.0,0.0,0.0,15.0,-14.460099585321982,-3.381338081109113,17.718831104092843,-12.989525647851966,12.549690384600956
adaptive,7.2,473.00215774387055,737.3034650234068,404.6423669032747,728.3306412045929,68.94615704340227,1.856275558358666,15.302419278680873,91.55511387050855,1469.3709507876467,1000000.0,1000000.0,0,1,1.5736663383668912,0.35211760122472446,-2.67711707388738,3.5447105839111224,4.543938373385948,-11.72814283646694,0.6289263015017896,1.530379450199268,-1.5978005185825916,0.7321211743321208,-0.24636173560834304,0.4704978448282772,-1.1573588993980823,2.110161962340744,2.6291309554378537,-5.703501493884684,-9.164618231528218,24.070886287047735,-60.0,-60.0,60.0,-214.21124521347429,-269.67365259002736,766.2233670913815,29.983697626306046,30.0,30.0,0.0037339833227014877,0.0,0.0,15.0,-15.0,-1.024957104235099,16.07399031901196,-12.623284123220383,11.52500196661976
adaptive,7.300000000000001,463.12930208573255,743.5480282691422,428.0507943800366,770.7464137716697,44.387541909894836,2.067792408233619,19.555402555590142,148.1640270925044,2071.7198604574173,1000000.0,1000000.0,0,1,1.7393119612017607,-0.2407594354230893,-1.188512443389342,-1.408838592515905,-8.890734179761457,15.0,0.701355192187735,1.5099030965030371,-1.5540146848551908,0.7242889068594527,-0.2047635369623066,0.43785833727400747,-1.3516246311685978,3.2965615268899464,-0.29314614565769026,4.185905186516656,17.76963647958659,-29.435145276519446,60.0,60.0,-60.0,110.92043936358354,596.3028464037734,-925.6116758216166,30.0,30.0,30.0,0.0,0.0,0.0,15.0,-14.464569189570055,-3.322120910939866,16.61454800930765,-17.839594107934673,10.364089664799378
adaptive,7.4,452.62567930892686,748.857890539279,397.0034187385441,731.1297347377242,58.379134792182015,2.093762973235628,15.380311046232599,93.01558315650524,1474.120019113783,1000000.0,1000000.0,0,1,1.8198600311434907,-0.07693270943815378,-2.419941237730781,3.553651413104787,3.1404359714712786,-12.347467584708417,0.7729805847513398,1.4934036947466893,-1.5133374706384646,0.7162539256360467,-0.16499401756347767,0.4067721421672612,-1.3775049671482542,2.9756787908062083,2.219979676351894,-5.7580123732128214,-6.230147661477173,25.21382678314492,-60.0,-60.0,60.0,-217.3101452894987,-172.56345856697547,800.9923628051632,30.0,30.0,30.0,0.0,0.0,0.0,14.982835811595807,-15.0,-0.8752175276346352,19.208156799787005,-24.69085620074267,9.170654317572952
adaptive,7.5,441.5962381402031,753.1799974452213,428.8171997813401,754.5330136677549,12.850465916679127,2.6620971720555633,21.751713765724737,166.412541551974,2491.5630114657256,1000000.0,1000000.0,0,1,2.0093211631612693,-0.8506070291885424,-0.9341134665884718,-1.3182386356378966,-10.510072564656198,15.0,0.8437738033321911,1.4807114161562644,-1.4756067831278028,0.7079321858085126,-0.12692278590424372,0.3773068751066176,-1.6231625338496447,4.53571410478537,-0.705679757972044,3.9651594406444213,21.131959047800073,-29.523796746176313,60.0,60.0,-60.0,102.12523983006216,709.1056715320221,-929.6249325698013,30.0,30.0,30.0,0.0,0.0,0.0,15.0,-14.963753420253685,-3.206009089404285,23.21981080327184,-27.99217184027708,8.051301950157962
adaptive,7.6000000000000005,430.1511811098706,756.4711639234636,389.5501236627015,714.24891292692,58.57614143184454,2.675197978223093,15.965623484485727,102.1660391871366,1596.586162923835,1000000.0,1000000.0,0,1,2.1553447880603755,-0.7628848242938577,-2.229158546202131,4.228350000153875,3.262689162550485,-12.82162659417702,0.913695199890558,1.4716757324688015,-1.4406602005810365,0.6992139655836729,-0.09035683687462726,0.34946582546766297,-1.7840852107559622,4.378764276650691,1.9264625167098521,-7.150720674420125,-6.352905782961768,26.079511194769182,-60.0,-60.0,60.0,-263.61213875185365,-171.12287303245222,827.3227035038648,29.75818562526552,30.0,30.0,0.06029436953280656,0.0,0.0,15.0,-15.0,-0.6931003281287578,27.667317208384468,-25.24517116735402,7.10602097582302
adaptive,7.7,418.4048634445437,758.6985057264701,424.55625406139245,718.1980158012802,40.96497639083246,3.357157542714228,22.66508320041477,166.157083584195,2653.7976437811853,1000000.0,1000000.0,0,1,2.3481014390262853,-1.5286465949186188,-0.7471094955064599,-1.4468003856446892,-10.108364686194077,15.0,0.9826921103961279,1.4661719109402238,-1.4083403544794721,0.6899691050557009,-0.05503821528578165,0.32319846101564437,-2.040849552204614,5.934598796431903,-0.9992632569303805,4.174379689847417,20.450552374922967,-29.6014273370391,60.0,60.0,-60.0,106.66709569606296,668.7074244095556,-932.9878152960935,30.0,29.00735519347783,30.0,0.0,0.3641406179367039,0.0,15.0,-15.0,-3.0527945858706578,31.461771334944796,-18.528729525549256,6.419250528721273
adaptive,7.800000000000001,406.47465046751785,759.8397679912066,366.26644125100813,685.8251494855836,84.23101472101315,3.2396685251331134,16.583059940503272,118.66665497376215,1781.8682892717497,1000000.0,1000000.0,0,1,2.6317572523327453,-1.2748783828088608,-2.0811085990312486,5.130159875864794,5.4029903579931995,-13.028945000191404,1.0506974279861643,1.464107083742709,-1.3784987509686115,0.6800531759003645,-0.02064827197514396,0.2984160351086052,-2.4820664727927975,5.4573226611279955,1.7036357312338788,-9.007594680641752,-10.508981485700117,26.420669174310614,-60.0,-60.0,60.0,-325.77243246756177,-300.05211535846433,837.3107298883561,29.504042644868292,30.0,30.0,0.12892058449062085,0.0,0.0,15.0,-15.0,-0.4929124647617966,33.67415847655679,-12.925716046764125,6.052337767517402
adaptive,7.9,394.47974492325557,759.883547602375,399.3643908758081,692.774662069288,67.28641975595642,3.4138912163026176,16.759180939721805,164.71821547340377,1489.8417007723174,1000000.0,1000000.0,0,1,2.8066288906082724,-1.9465858433670788,-0.6038090737022959,-1.5502667032504935,-9.786304702225285,15.0,1.1176289327690716,1.46542521428756,-1.350997676420645,0.6693150478290752,0.013181305448513148,0.27501074547966464,-2.7086848678493265,-5.7291671936013815,-1.2193664599570342,4.32207382733782,19.93566869738443,-29.6713201461143,60.0,60.0,-60.0,107.71170583254161,627.417733588274,-935.9475783815103,30.0,29.920063196519337,30.0,0.0,0.029355690996486633,0.0,15.0,-15.0,-2.850125381789842,33.7628091012548,-12.67637962703356,6.038057916411376
adaptive,8.0,382.53999594296636,758.829407128572,347.3651754528038,650.5732568427136,113.82733446422054,3.74191425560499,17.03011484834469,120.72314507561916,1945.2460567677026,1000000.0,1000000.0,0,1,-3.08895434163853,-1.6239519172672123,-1.9463693325463605,5.460406930021963,5.303940353089954,-13.041501294228594,1.1833895408037662,1.47011031165278,-1.325710018243415,0.6576060803469435,0.046850973652196315,0.2528765817723013,-3.364076769127636,6.234975431492181,1.494195210378192,-9.733753297387622,-10.17498711827531,26.37928855903353,-60.0,-60.0,60.0,-348.74165400372715,-286.52547323465035,835.2407730330231,28.998646233934934,30.0,30.0,0.26937856635271795,0.0,0.0,15.0,-15.0,-0.25502674819671656,31.70601844431414,-17.96941309790371,6.377686551973504
adaptive,8.1,370.77470155170505,756.6878791929595,394.3371457081001,654.7727358999906,104.60346651545356,3.2336994767397735,17.99443952098484,190.80293084174886,1661.7077531453272,1000000.0,1000000.0,0,1,-3.0011978184968116,-2.4344080450029284,-0.46617013147397746,-2.4183860486683124,-11.905476174043574,15.0,1.2478686328580846,1.4781873254240017,-1.3025170319958674,0.6447909205431852,0.0807701377122168,0.23192986247547523,-3.423446791106196,-4.660409735793096,-1.4407639385683042,5.9860411541875145,24.318087385347464,-29.734163939188072,60.0,60.0,-60.0,158.55087017099814,735.3917263767569,-938.7664718024133,30.0,28.673742209883287,30.0,0.0,0.4938154522479843,0.0,15.0,-15.0,-2.5807381889338026,28.007360591635784,-24.79915425340061,7.040885659688417
adaptive,8.200000000000001,359.30141668193966,753.480361234775,367.3621938488681,608.3182589336936,145.38573545229428,3.5797498075946423,19.2458218986923,110.18401359326377,2423.07444870209,1000000.0,1000000.0,0,1,-2.543530463787508,-2.2154973478360374,-1.8009752396065701,5.294505349638461,3.903588990705384,-12.881840022271735,1.3109445970700477,1.489720286813582,-1.28130428238971,0.6307596421196371,0.1153296138958052,0.21212749606157288,-4.226660850524423,-5.040605731164129,1.251469410495293,-9.480680499202752,-7.22109927441065,26.0014718719919,-60.0,-60.0,60.0,-343.2092787953897,-237.40975711979758,822.394300416821,28.796733006661714,30.0,30.0,0.364593731636399,0.0,0.0,15.0,-15.0,0.04978404123712599,23.572395980757555,-27.996991148461113,7.968413638437512
adaptive,8.3,348.2347786035255,749.2389017131923,424.72079121215296,589.0011956750865,177.5562799822116,2.9009898941388554,19.549885870809817,204.803094899398,1962.6618673886567,1000000.0,1000000.0,0,1,-2.6510532974072962,3.0582086309665186,-0.31501419465704084,-2.3722507123878733,-13.003258879866703,15.0,1.3724886704403607,1.5048074429952472,-1.2619561644303,0.6154407337031269,0.1508715618166559,0.1934811795941012,-3.9038459449607315,-2.955930814125887,-1.7004027599524165,5.8091180536547125,26.676136138410506,-29.787189039021367,60.0,60.0,-60.0,150.08397021420421,853.5056735764672,-941.5053339824926,30.0,30.0,30.0,0.0,0.0,0.0,15.0,-13.032277161188707,-2.211545468005599,19.486958623220772,-25.14286457471071,9.077417176290432
adaptive,8.4,337.6853615059977,744.0058798897109,414.52278863213155,570.3684609595147,189.87875989721542,3.242880617886214,18.18709902221353,101.65145493447089,2299.7190547574373,1000000.0,1000000.0,0,1,-2.1646264437523266,-2.9818544057227165,-1.6188394787450815,5.010436491435193,4.381627001247627,-12.303311248440732,1.4323700954254006,1.5235733517273502,-1.2443495604529855,0.5988142498503981,0.18765908732103467,0.1760660397731443,-4.77356328615332,-3.367856012138005,0.9250458763573367,-9.002144110538488,-8.006046728542307,24.798320268706583,-60.0,-60.0,60.0,-325.0188313380746,-256.17933390981176,783.1741604620049,28.220556496713904,30.0,30.0,0.544999182234125,0.0,0.0,15.0,-15.0,0.4605189735867885,16.7513060687593,-18.396720621751342,10.268832290101914
adaptive,8.5,327.7585716778212,737.833582388584,439.5116835071647,520.0117521513731,244.81647765505915,2.713170631023081,20.537437037143597,198.9442710222337,2127.2989634879273,1000000.0,1000000.0,0,1,-2.43154226691778,2.275687367715441,-0.1085667112515516,-2.3347140478128434,-12.494268798829918,15.0,1.4904625241367517,1.5461581514525626,-1.2283472995528828,0.5809242871135083,0.22584799725212235,0.16002260900102744,-4.141436745136601,-1.233210435273634,-2.079538567601636,5.640932320126249,25.83638687798567,-29.8246656757578,60.0,60.0,-60.0,143.38763341984492,833.4309535308505,-944.322567809158,30.0,30.0,30.0,0.0,0.0,0.0,15.0,-13.29511373705516,-1.6560181663809028,16.035221471923656,-12.863906538405036,11.436233416088672
adaptive,8.6,318.5535943215985,730.7836807661524,445.62363372607604,522.2668230567515,244.18450987574548,2.866915356128499,17.055830234517448,94.98365132725561,2187.0591485078485,1000000.0,1000000.0,0,1,-2.044284895340732,2.5425146624191086,-1.3883422096412898,5.282006263446035,4.696535334761857,-11.679599680707744,1.5466515093508377,1.5727044840359907,-1.2137921475903786,0.5618898521408628,0.2654633258342812,0.14555151962504204,-4.8226079528351695,-1.6741570309319544,0.49465164372686415,-9.639999647826938,-8.45294528497814,23.523796390582138,-60.0,-60.0,60.0,-341.83620110958014,-264.07112801211946,741.1599376863326,27.96167990863215,30.0,30.0,0.6327271292916133,0.0,0.0,15.0,-15.0,1.0767080044353596,17.514027316342617,-12.731545717771478,12.475340088480145
adaptive,8.700000000000001,310.162402528312,722.92661530904,408.39874339241373,451.90062360821395,288.28018808753444,2.7071403113113233,22.620165682442284,214.69572911997628,2524.1778313449668,1000000.0,1000000.0,0,1,-2.341842035386847,1.4225056573853365,0.14781699266368964,-2.649774798883662,-13.508295312912658,15.0,1.6008428263127579,1.6033428039481894,-1.2005020557287087,0.5419131696192034,0.3063831991219825,0.13290091861669842,-4.1390877213407595,0.6680574922476883,-2.5637371781680987,6.177089937882553,28.04884783907501,-29.83973363923473,60.0,60.0,-60.0,161.37682060173398,911.769294072439,-947.012048504072,30.0,30.0,30.0,0.0,0.0,0.0,15.0,-13.59844767954736,-0.8711722074741781,20.82566035614561,-18.099806190089396,13.293332002952326
adaptive,8.8,302.6688383126013,714.3408912180938,395.53174704881195,442.3589806620498,287.39812018986083,2.4815611575623246,14.981682864406089,84.04163364819264,1807.9627688607404,1000000.0,1000000.0,0,1,-2.1541888328221512,1.4801250156250445,-1.13861947770561,4.730283706904028,2.645781664338189,-11.664559522274057,1.6529712832834464,1.6381760320104446,-1.18826731863172,0.5212845697068856,0.3483322806225552,0.1223473709698857,-4.430765812441091,0.6644343133933555,0.0230516891176651,-8.62701054136323,-4.169357993919296,23.49205912861125,-60.0,-60.0,60.0,-310.10347093996063,-118.00612922135821,737.8855817514799,28.16007602646636,30.0,30.0,0.5919515774367892,0.0,0.0,15.0,-15.0,1.9390257410327176,25.159317325948724,-24.906095454455112,13.817140377970793
adaptive,8.9,296.14777489106655,705.1122942103673,290.76119348440056,440.21304093759295,264.9540142057185,3.0371475881451837,24.731703517585476,226.9996731660688,2964.50410423718,1000000.0,1000000.0,0,1,-2.400701780718485,0.2746565652475068,0.4064532109009109,-4.470068978485611,-13.697470768080164,15.0,1.7030096175844456,1.6772646678078198,-1.176850128113498,0.500383343009991,0.3908863579737524,0.1141719051822219,-3.85856447474332,3.1961025630943785,-3.052434772846595,9.733815158008474,28.60273598178374,-29.827037743435177,60.0,60.0,-60.0,280.68348176270797,940.2204763610025,-949.0374445688051,30.0,30.0,30.0,0.0,0.0,0.0,15.0,-14.564103582792136,0.069007947210042,29.45396785797365,-27.99954948946406,13.999974971428083
adaptive,9.0,290.6643685738388,695.3330333765932,252.11533244892118,481.1675224525935,217.60720175467085,2.6276652034090655,13.63188535231131,81.3458937224481,1516.5611333474208,1000000.0,1000000.0,0,1,-2.404472769819712,0.2028112591028859,-0.8946153451814718,3.496064413991817,2.1186041468335612,-11.885070416765567,1.7509770570356178,1.7206135209019546,-1.165986753133272,0.4796743945117179,0.4334885309413435,0.1086337498022598,-3.775796566136795,3.469093054539481,-0.4341090661013405,-6.232512309800372,-2.9503566859479013,23.9605210599779,-60.0,-60.0,60.0,-245.42308382366014,-68.10874494761336,750.2111183404642,30.0,30.0,30.0,0.0,0.0,0.0,14.816548648877312,-15.0,2.9573975108654977,32.65813172080706,-25.03910395419563,13.825503713618012
adaptive,9.1,286.2734077442666,685.1008198584287,217.7207280199779,564.0681097353832,139.09847884542108,3.6825085325857922,25.250260756695504,208.94283457768236,3070.473935575094,1000000.0,1000000.0,0,1,-2.619312370742584,-0.84180374057842,0.6511350029043399,-6.318109501007044,-11.210122370248431,15.0,1.7969471737783875,1.7681611194544544,-1.1553922508846235,0.45970116742770045,0.4754759855249969,0.10594502248648445,-3.274150357889529,5.695405705590746,-3.507109485091442,13.369370451787434,23.77758361207657,-29.785060894879173,60.0,60.0,-60.0,404.3448684123281,779.4786385340454,-950.1983989964087,30.0,29.442180643059192,30.0,0.0,0.28611514001184885,0.0,15.0,-15.0,1.1252436947592215,33.98731785170594,-18.26516500869626,13.309311602381523
adaptive,9.200000000000001,283.0187654315003,674.517890551027,228.85113195574237,598.6098574920879,93.25321441774022,3.1982515734889283,13.361998220741855,91.4869906645318,1490.3981078191694,1000000.0,1000000.0,0,1,-2.5984749922348267,-0.7500447219400974,-0.6695973930810011,3.9556868738329003,4.214244085075613,-12.006409483561217,1.841054781670337,1.8197725870122508,-1.1447672580344965,0.4410760789194951,0.5161146755779683,0.10624992850127027,-3.246234987629349,5.655749293482665,-0.8440898014057211,-7.195277638670376,-7.011028451585281,24.258936754621285,-60.0,-60.0,60.0,-273.15667258594954,-189.56483271393023,757.1686804727311,30.0,30.0,30.0,0.0,0.0,0.0,14.086812257064746,-15.0,4.086381212373853,33.116095128839255,-12.804114598005935,12.497508541665566
adaptive,9.3,280.93296094568757,663.6899865857768,261.1308396848986,648.9540497150919,24.683432538522695,3.7638733396907544,19.83702383576479,194.45174372761082,1789.8001334943588,1000000.0,1000000.0,0,1,-2.7470029959978683,-1.6870431233060035,0.874193224217672,-5.819907923238439,-10.12341549445405,15.0,1.8835018290738512,1.8752363582441474,-1.1338060858794066,0.4244704740351385,0.5546377123189692,0.10961172155090101,-2.8808904901805947,-4.887173938939901,-3.906386898643256,12.35011887003206,21.71255198748269,-29.716796308622676,60.0,60.0,-60.0,373.1376706993089,650.4505915299951,-950.5234600178389,30.0,28.58509923590497,30.0,0.0,0.6074854798135106,0.0,15.0,-15.0,2.3004100632289735,30.25776925971957,-12.788766798478129,11.462610481130472
adaptive,9.4,280.03683495577525,652.7252967998694,267.65404156788753,637.034339264695,19.988489699268516,3.501380015935354,17.009660737628998,101.17491770279509,2105.9786147954555,1000000.0,1000000.0,0,1,-2.517898409384048,-1.4473365486766452,-0.44974322942997924,4.825784261454699,4.966616165938417,-12.190252153831041,1.9245624972322144,1.934264585215411,-1.122205111241561,0.41060668158362895,0.5902822697126341,0.11600974637845299,-3.270842119543018,-5.212886076862426,-1.2289140172447104,-8.933872117775989,-8.432294045705993,24.705901304792125,-60.0,-60.0,60.0,-330.7142165893486,-278.68683034238313,768.7356215865108,30.0,30.0,30.0,0.0,0.0,0.0,14.118294770082647,-15.0,5.325431967011895,26.112158104707017,-18.230736518813334,10.297061782337432
adaptive,9.5,280.3393412564346,641.7333767492009,326.16604819301256,656.0021725925014,47.996724924402855,3.2764365022155126,20.94175482807143,196.6272711233621,1985.2350348448879,1000000.0,1000000.0,0,1,-2.68995729909427,-2.4758398261886363,1.0819943051587089,-4.6519015376857915,-11.02842854899458,15.0,1.9645879958102386,1.9964965496541307,-1.109670361559984,0.40025498578024415,0.6223196443871915,0.12534749681576673,-2.8570250387699114,-2.999378218286447,-4.257981836621619,10.044144545800634,23.57903819113968,-29.62806866610644,60.0,60.0,-60.0,297.0935953675143,752.2478565636069,-950.187623358216,30.0,30.0,30.0,0.0,0.0,0.0,15.0,-12.760509506583814,3.5716178651580814,21.694251857792278,-25.01164956871602,9.104977439252814
adaptive,9.600000000000001,281.8374573047048,630.8240540654721,330.70052170928307,640.0908046903443,49.7340097935963,2.9389336034147244,15.877672342112993,104.15257967646968,1925.5367930268133,1000000.0,1000000.0,0,1,-2.2753467103290355,-2.246050552252359,-0.24804838558436115,4.897987631835666,3.91919795187801,-12.85086581217499,2.004011809376949,2.0615039321366115,-1.0959232484757875,0.3942381356671003,0.6500738248248052,0.13747113084196952,-3.6134154392801037,-3.3011878207564265,-1.558278594940883,-9.015426001072317,-6.309733446298433,26.123929315406954,-60.0,-60.0,60.0,-335.9927355091894,-203.64664590015113,810.9427461548935,30.0,30.0,30.0,0.0,0.0,0.0,14.461537050325235,-14.526900579339603,6.652894959017541,18.085708048086957,-27.999846139973243,7.992842795917691
adaptive,9.700000000000001,284.5162144202428,620.1063310947961,385.69973562758145,615.5001754314586,101.28830946318949,3.035947669107994,21.935775880614013,186.0727118335158,2153.4087210629814,1000000.0,1000000.0,0,1,-2.4961427381945933,2.939669932763433,1.268556056487519,-2.5653800760588448,-10.890661222788903,15.0,2.043356352856307,2.1287964626971716,-1.0807035810978602,0.3934454347935817,0.6729253056056028,0.1521966737792731,-3.09392699746379,-0.94882163452692,-4.546322601391485,5.971772509666605,23.300905055408624,-29.524138577137354,60.0,60.0,-60.0,160.9818937615685,751.7329257246666,-949.2092061225552,30.0,30.0,30.0,0.0,0.0,0.0,15.0,-12.938415709360028,4.846081004260084,16.170024052572117,-24.933918641761835,7.060001527804889
adaptive,9.8,288.3488473474296,609.6872957822878,406.02412153264027,619.1801583204584,118.05754780501374,2.5865371557701513,15.730829666994484,113.8848462472282,1888.746195406607,1000000.0,1000000.0,0,1,-2.026632568313829,-3.0843606263494268,-0.08147719797386443,4.902776581938003,4.270634941339606,-13.541069448232653,2.0832421112152826,2.1978263132439277,-1.0637692329668917,0.39885758358975687,0.690298505467564,0.16934348130968319,-3.947763671711192,-1.3116982297048994,-1.7952405886763714,-8.880590498111532,-7.0473322578020605,27.615105556744247,-60.0,-60.0,60.0,-327.91771615696484,-218.74930041823984,855.7171606605135,29.368727604937007,30.0,30.0,0.203388561215173,0.0,0.0,15.0,-15.0,7.9734926204827214,16.416226125164755,-18.134099880738056,6.389781567159252
adaptive,9.9,293.2970616849567,599.6710516847147,420.8658306842087,568.5947796659693,131.29937359548813,3.1452933898196282,22.30724108369212,167.65142883423374,2221.1344326090775,1000000.0,1000000.0,0,1,-2.2189104968829123,2.2286884618121166,1.430630682814984,-1.6011997319443014,-9.397189363897606,15.0,2.124400344560108,2.267989569930105,-1.0448920878593277,0.41158233344825285,0.7016325668617662,0.18877145107564075,-3.468166598024878,0.780234783097743,-4.7622740902729825,4.238735787120203,20.244680827807347,-29.405974725804775,60.0,60.0,-60.0,100.96027241712262,661.822008124572,-947.5602240479159,30.0,30.0,30.0,0.0,0.0,0.0,15.0,-13.771886702370209,6.094160002953716,18.76403541189674,-12.746357130376797,6.042051666981857
adaptive,10.0,299.3114165108257,590.1576778021694,458.4308042803252,588.6204034643719,159.12681350586394,2.5700855337810946,15.774825086793486,120.7306987066054,1943.2559587769522,1000000.0,1000000.0,0,1,-1.8040085920214746,2.5401877742843464,0.08147422197043896,5.436920139359103,4.524499525913487,-13.762320361381759,2.1676902944682848,2.3386231962791673,-1.0238501190313243,0.4328994990817623,0.7063362634906263,0.2104196882800354,-4.19007334229789,0.303207107480268,-2.000228993723491,-9.693921891713691,-7.662406134284955,28.184725589934988,-60.0,-60.0,60.0,-345.7989351468596,-231.75735370228153,871.5719179436271,28.41728414627532,30.0,30.0,0.4484080268275668,0.0,0.0,15.0,-15.0,9.256123857397393,22.63862631666464,-12.848026691195537,6.047873503628553
